INSERT INTO TRANSLATION VALUES(1);
INSERT INTO RESOURCES(NAME,ID_TRANSLATION) VALUES('Main',1);
INSERT INTO TEXT_LANGUAGE(ID,INFO,ID_LANGUAGE) VALUES(1,'Main',1);
INSERT INTO TEXT_LANGUAGE(ID,INFO,ID_LANGUAGE) VALUES(2,'Главная',2);
INSERT INTO TEXT_LANGUAGE(ID,INFO,ID_LANGUAGE) VALUES(3,'Головна',3);
INSERT INTO TRANSLATION_TEXT(ID_TRANSLATION,ID_TEXT_LANGUAGE) VALUES(1,1);
INSERT INTO TRANSLATION_TEXT(ID_TRANSLATION,ID_TEXT_LANGUAGE) VALUES(1,2);
INSERT INTO TRANSLATION_TEXT(ID_TRANSLATION,ID_TEXT_LANGUAGE) VALUES(1,3);

INSERT INTO TRANSLATION VALUES(2);
INSERT INTO RESOURCES(NAME,ID_TRANSLATION) VALUES('Menu',2);
INSERT INTO TEXT_LANGUAGE(ID,INFO,ID_LANGUAGE) VALUES(4,'Menu',1);
INSERT INTO TEXT_LANGUAGE(ID,INFO,ID_LANGUAGE) VALUES(5,'Меню',2);
INSERT INTO TEXT_LANGUAGE(ID,INFO,ID_LANGUAGE) VALUES(6,'Меню',3);
INSERT INTO TRANSLATION_TEXT(ID_TRANSLATION,ID_TEXT_LANGUAGE) VALUES(2,4);
INSERT INTO TRANSLATION_TEXT(ID_TRANSLATION,ID_TEXT_LANGUAGE) VALUES(2,5);
INSERT INTO TRANSLATION_TEXT(ID_TRANSLATION,ID_TEXT_LANGUAGE) VALUES(2,6);

INSERT INTO TRANSLATION VALUES(3);
INSERT INTO RESOURCES(NAME,ID_TRANSLATION) VALUES('findBufet',3);
INSERT INTO TEXT_LANGUAGE(ID,INFO,ID_LANGUAGE) VALUES(7,'Find a Snack bar',1);
INSERT INTO TEXT_LANGUAGE(ID,INFO,ID_LANGUAGE) VALUES(8,'Найти Закусочную',2);
INSERT INTO TEXT_LANGUAGE(ID,INFO,ID_LANGUAGE) VALUES(9,'Знайти Закусочну',3);
INSERT INTO TRANSLATION_TEXT(ID_TRANSLATION,ID_TEXT_LANGUAGE) VALUES(3,7);
INSERT INTO TRANSLATION_TEXT(ID_TRANSLATION,ID_TEXT_LANGUAGE) VALUES(3,8);
INSERT INTO TRANSLATION_TEXT(ID_TRANSLATION,ID_TEXT_LANGUAGE) VALUES(3,9);

INSERT INTO TRANSLATION VALUES(4);
INSERT INTO RESOURCES(NAME,ID_TRANSLATION) VALUES('News',4);
INSERT INTO TEXT_LANGUAGE(ID,INFO,ID_LANGUAGE) VALUES(10,'News',1);
INSERT INTO TEXT_LANGUAGE(ID,INFO,ID_LANGUAGE) VALUES(11,'Новости',2);
INSERT INTO TEXT_LANGUAGE(ID,INFO,ID_LANGUAGE) VALUES(12,'Новини',3);
INSERT INTO TRANSLATION_TEXT(ID_TRANSLATION,ID_TEXT_LANGUAGE) VALUES(4,10);
INSERT INTO TRANSLATION_TEXT(ID_TRANSLATION,ID_TEXT_LANGUAGE) VALUES(4,11);
INSERT INTO TRANSLATION_TEXT(ID_TRANSLATION,ID_TEXT_LANGUAGE) VALUES(4,12);

INSERT INTO TRANSLATION VALUES(5);
INSERT INTO RESOURCES(NAME,ID_TRANSLATION) VALUES('Feedbacks',5);
INSERT INTO TEXT_LANGUAGE(ID,INFO,ID_LANGUAGE) VALUES(13,'Feedbacks',1);
INSERT INTO TEXT_LANGUAGE(ID,INFO,ID_LANGUAGE) VALUES(14,'Отзывы',2);
INSERT INTO TEXT_LANGUAGE(ID,INFO,ID_LANGUAGE) VALUES(15,'Відгуки',3);
INSERT INTO TRANSLATION_TEXT(ID_TRANSLATION,ID_TEXT_LANGUAGE) VALUES(5,13);
INSERT INTO TRANSLATION_TEXT(ID_TRANSLATION,ID_TEXT_LANGUAGE) VALUES(5,14);
INSERT INTO TRANSLATION_TEXT(ID_TRANSLATION,ID_TEXT_LANGUAGE) VALUES(5,15);

INSERT INTO TRANSLATION VALUES(6);
INSERT INTO RESOURCES(NAME,ID_TRANSLATION) VALUES('AboutUs',6);
INSERT INTO TEXT_LANGUAGE(ID,INFO,ID_LANGUAGE) VALUES(16,'About us',1);
INSERT INTO TEXT_LANGUAGE(ID,INFO,ID_LANGUAGE) VALUES(17,'О нас',2);
INSERT INTO TEXT_LANGUAGE(ID,INFO,ID_LANGUAGE) VALUES(18,'Про нас',3);
INSERT INTO TRANSLATION_TEXT(ID_TRANSLATION,ID_TEXT_LANGUAGE) VALUES(6,16);
INSERT INTO TRANSLATION_TEXT(ID_TRANSLATION,ID_TEXT_LANGUAGE) VALUES(6,17);
INSERT INTO TRANSLATION_TEXT(ID_TRANSLATION,ID_TEXT_LANGUAGE) VALUES(6,18);

INSERT INTO TRANSLATION VALUES(7);
INSERT INTO RESOURCES(NAME,ID_TRANSLATION) VALUES('Vacancies',7);
INSERT INTO TEXT_LANGUAGE(ID,INFO,ID_LANGUAGE) VALUES(19,'Vacancies',1);
INSERT INTO TEXT_LANGUAGE(ID,INFO,ID_LANGUAGE) VALUES(20,'Вакансии',2);
INSERT INTO TEXT_LANGUAGE(ID,INFO,ID_LANGUAGE) VALUES(21,'Вакансії',3);
INSERT INTO TRANSLATION_TEXT(ID_TRANSLATION,ID_TEXT_LANGUAGE) VALUES(7,19);
INSERT INTO TRANSLATION_TEXT(ID_TRANSLATION,ID_TEXT_LANGUAGE) VALUES(7,20);
INSERT INTO TRANSLATION_TEXT(ID_TRANSLATION,ID_TEXT_LANGUAGE) VALUES(7,21);

INSERT INTO TRANSLATION VALUES(8);
INSERT INTO RESOURCES(NAME,ID_TRANSLATION) VALUES('Partners',8);
INSERT INTO TEXT_LANGUAGE(ID,INFO,ID_LANGUAGE) VALUES(22,'For Partners',1);
INSERT INTO TEXT_LANGUAGE(ID,INFO,ID_LANGUAGE) VALUES(23,'Партнерам',2);
INSERT INTO TEXT_LANGUAGE(ID,INFO,ID_LANGUAGE) VALUES(24,'Партнерам',3);
INSERT INTO TRANSLATION_TEXT(ID_TRANSLATION,ID_TEXT_LANGUAGE) VALUES(8,22);
INSERT INTO TRANSLATION_TEXT(ID_TRANSLATION,ID_TEXT_LANGUAGE) VALUES(8,23);
INSERT INTO TRANSLATION_TEXT(ID_TRANSLATION,ID_TEXT_LANGUAGE) VALUES(8,24);

INSERT INTO TRANSLATION VALUES(9);
INSERT INTO RESOURCES(NAME,ID_TRANSLATION) VALUES('Suppliers',9);
INSERT INTO TEXT_LANGUAGE(ID,INFO,ID_LANGUAGE) VALUES(25,'For Suppliers',1);
INSERT INTO TEXT_LANGUAGE(ID,INFO,ID_LANGUAGE) VALUES(26,'Поставщикам',2);
INSERT INTO TEXT_LANGUAGE(ID,INFO,ID_LANGUAGE) VALUES(27,'Постачальникам',3);
INSERT INTO TRANSLATION_TEXT(ID_TRANSLATION,ID_TEXT_LANGUAGE) VALUES(9,25);
INSERT INTO TRANSLATION_TEXT(ID_TRANSLATION,ID_TEXT_LANGUAGE) VALUES(9,26);
INSERT INTO TRANSLATION_TEXT(ID_TRANSLATION,ID_TEXT_LANGUAGE) VALUES(9,27);

INSERT INTO TRANSLATION VALUES(10);
INSERT INTO RESOURCES(NAME,ID_TRANSLATION) VALUES('Landlord',10);
INSERT INTO TEXT_LANGUAGE(ID,INFO,ID_LANGUAGE) VALUES(28,'For Landlords',1);
INSERT INTO TEXT_LANGUAGE(ID,INFO,ID_LANGUAGE) VALUES(29,'Арендодателям',2);
INSERT INTO TEXT_LANGUAGE(ID,INFO,ID_LANGUAGE) VALUES(30,'Орендодавцям',3);
INSERT INTO TRANSLATION_TEXT(ID_TRANSLATION,ID_TEXT_LANGUAGE) VALUES(10,28);
INSERT INTO TRANSLATION_TEXT(ID_TRANSLATION,ID_TEXT_LANGUAGE) VALUES(10,29);
INSERT INTO TRANSLATION_TEXT(ID_TRANSLATION,ID_TEXT_LANGUAGE) VALUES(10,30);

INSERT INTO TRANSLATION VALUES(11);
INSERT INTO RESOURCES(NAME,ID_TRANSLATION) VALUES('warningMenu',11);
INSERT INTO TEXT_LANGUAGE(ID,INFO,ID_LANGUAGE) VALUES(31,'Note! The menu in our eateries can vary.',1);
INSERT INTO TEXT_LANGUAGE(ID,INFO,ID_LANGUAGE) VALUES(32,'Обратите внимание! Меню в наших закусочных может различаться.',2);
INSERT INTO TEXT_LANGUAGE(ID,INFO,ID_LANGUAGE) VALUES(33,'Зверніть увагу! Меню в наших закусочних може відрізнятися.',3);
INSERT INTO TRANSLATION_TEXT(ID_TRANSLATION,ID_TEXT_LANGUAGE) VALUES(11,31);
INSERT INTO TRANSLATION_TEXT(ID_TRANSLATION,ID_TEXT_LANGUAGE) VALUES(11,32);
INSERT INTO TRANSLATION_TEXT(ID_TRANSLATION,ID_TEXT_LANGUAGE) VALUES(11,33);

INSERT INTO TRANSLATION VALUES(12);
INSERT INTO RESOURCES(NAME,ID_TRANSLATION) VALUES('minimalPreorderAmount',12);
INSERT INTO TEXT_LANGUAGE(ID,INFO,ID_LANGUAGE) VALUES(34,'Minimal amount',1);
INSERT INTO TEXT_LANGUAGE(ID,INFO,ID_LANGUAGE) VALUES(35,'Минимальная сумма',2);
INSERT INTO TEXT_LANGUAGE(ID,INFO,ID_LANGUAGE) VALUES(36,'Мінімальна сума',3);
INSERT INTO TRANSLATION_TEXT(ID_TRANSLATION,ID_TEXT_LANGUAGE) VALUES(12,34);
INSERT INTO TRANSLATION_TEXT(ID_TRANSLATION,ID_TEXT_LANGUAGE) VALUES(12,35);
INSERT INTO TRANSLATION_TEXT(ID_TRANSLATION,ID_TEXT_LANGUAGE) VALUES(12,36);

INSERT INTO TRANSLATION VALUES(13);
INSERT INTO RESOURCES(NAME,ID_TRANSLATION) VALUES('Preorder',13);
INSERT INTO TEXT_LANGUAGE(ID,INFO,ID_LANGUAGE) VALUES(37,'Preorder',1);
INSERT INTO TEXT_LANGUAGE(ID,INFO,ID_LANGUAGE) VALUES(38,'Предзаказ',2);
INSERT INTO TEXT_LANGUAGE(ID,INFO,ID_LANGUAGE) VALUES(39,'Передзамовлення',3);
INSERT INTO TRANSLATION_TEXT(ID_TRANSLATION,ID_TEXT_LANGUAGE) VALUES(13,37);
INSERT INTO TRANSLATION_TEXT(ID_TRANSLATION,ID_TEXT_LANGUAGE) VALUES(13,38);
INSERT INTO TRANSLATION_TEXT(ID_TRANSLATION,ID_TEXT_LANGUAGE) VALUES(13,39);

INSERT INTO TRANSLATION VALUES(14);
INSERT INTO RESOURCES(NAME,ID_TRANSLATION) VALUES('Detail',14);
INSERT INTO TEXT_LANGUAGE(ID,INFO,ID_LANGUAGE) VALUES(40,'Detail',1);
INSERT INTO TEXT_LANGUAGE(ID,INFO,ID_LANGUAGE) VALUES(41,'Подробно',2);
INSERT INTO TEXT_LANGUAGE(ID,INFO,ID_LANGUAGE) VALUES(42,'Детально',3);
INSERT INTO TRANSLATION_TEXT(ID_TRANSLATION,ID_TEXT_LANGUAGE) VALUES(14,40);
INSERT INTO TRANSLATION_TEXT(ID_TRANSLATION,ID_TEXT_LANGUAGE) VALUES(14,41);
INSERT INTO TRANSLATION_TEXT(ID_TRANSLATION,ID_TEXT_LANGUAGE) VALUES(14,42);

INSERT INTO TRANSLATION VALUES(15);
INSERT INTO RESOURCES(NAME,ID_TRANSLATION) VALUES('Currency',15);
INSERT INTO TEXT_LANGUAGE(ID,INFO,ID_LANGUAGE) VALUES(43,'uah',1);
INSERT INTO TEXT_LANGUAGE(ID,INFO,ID_LANGUAGE) VALUES(44,'грн',2);
INSERT INTO TEXT_LANGUAGE(ID,INFO,ID_LANGUAGE) VALUES(45,'грн',3);
INSERT INTO TRANSLATION_TEXT(ID_TRANSLATION,ID_TEXT_LANGUAGE) VALUES(15,43);
INSERT INTO TRANSLATION_TEXT(ID_TRANSLATION,ID_TEXT_LANGUAGE) VALUES(15,44);
INSERT INTO TRANSLATION_TEXT(ID_TRANSLATION,ID_TEXT_LANGUAGE) VALUES(15,45);

INSERT INTO TRANSLATION VALUES(16);
INSERT INTO RESOURCES(NAME,ID_TRANSLATION) VALUES('Grams',16);
INSERT INTO TEXT_LANGUAGE(ID,INFO,ID_LANGUAGE) VALUES(46,'Grams',1);
INSERT INTO TEXT_LANGUAGE(ID,INFO,ID_LANGUAGE) VALUES(47,'Грамм',2);
INSERT INTO TEXT_LANGUAGE(ID,INFO,ID_LANGUAGE) VALUES(48,'Грам',3);
INSERT INTO TRANSLATION_TEXT(ID_TRANSLATION,ID_TEXT_LANGUAGE) VALUES(16,46);
INSERT INTO TRANSLATION_TEXT(ID_TRANSLATION,ID_TEXT_LANGUAGE) VALUES(16,47);
INSERT INTO TRANSLATION_TEXT(ID_TRANSLATION,ID_TEXT_LANGUAGE) VALUES(16,48);

INSERT INTO TRANSLATION VALUES(17);
INSERT INTO RESOURCES(NAME,ID_TRANSLATION) VALUES('minimalPreorderAmount',17);
INSERT INTO TEXT_LANGUAGE(ID,INFO,ID_LANGUAGE) VALUES(49,'Minimal amount',1);
INSERT INTO TEXT_LANGUAGE(ID,INFO,ID_LANGUAGE) VALUES(50,'Минимальная сумма',2);
INSERT INTO TEXT_LANGUAGE(ID,INFO,ID_LANGUAGE) VALUES(51,'Мінімальна сума',3);
INSERT INTO TRANSLATION_TEXT(ID_TRANSLATION,ID_TEXT_LANGUAGE) VALUES(17,49);
INSERT INTO TRANSLATION_TEXT(ID_TRANSLATION,ID_TEXT_LANGUAGE) VALUES(17,50);
INSERT INTO TRANSLATION_TEXT(ID_TRANSLATION,ID_TEXT_LANGUAGE) VALUES(17,51);

INSERT INTO TRANSLATION VALUES(18);
INSERT INTO RESOURCES(NAME,ID_TRANSLATION) VALUES('Milliliters',18);
INSERT INTO TEXT_LANGUAGE(ID,INFO,ID_LANGUAGE) VALUES(52,'ml',1);
INSERT INTO TEXT_LANGUAGE(ID,INFO,ID_LANGUAGE) VALUES(53,'мл',2);
INSERT INTO TEXT_LANGUAGE(ID,INFO,ID_LANGUAGE) VALUES(54,'мл',3);
INSERT INTO TRANSLATION_TEXT(ID_TRANSLATION,ID_TEXT_LANGUAGE) VALUES(18,52);
INSERT INTO TRANSLATION_TEXT(ID_TRANSLATION,ID_TEXT_LANGUAGE) VALUES(18,53);
INSERT INTO TRANSLATION_TEXT(ID_TRANSLATION,ID_TEXT_LANGUAGE) VALUES(18,54);

INSERT INTO TRANSLATION VALUES(19);
INSERT INTO RESOURCES(NAME,ID_TRANSLATION) VALUES('Litr',19);
INSERT INTO TEXT_LANGUAGE(ID,INFO,ID_LANGUAGE) VALUES(55,'LTR',1);
INSERT INTO TEXT_LANGUAGE(ID,INFO,ID_LANGUAGE) VALUES(56,'Литр',2);
INSERT INTO TEXT_LANGUAGE(ID,INFO,ID_LANGUAGE) VALUES(57,'Літр',3);
INSERT INTO TRANSLATION_TEXT(ID_TRANSLATION,ID_TEXT_LANGUAGE) VALUES(19,55);
INSERT INTO TRANSLATION_TEXT(ID_TRANSLATION,ID_TEXT_LANGUAGE) VALUES(19,56);
INSERT INTO TRANSLATION_TEXT(ID_TRANSLATION,ID_TEXT_LANGUAGE) VALUES(19,57);

INSERT INTO TRANSLATION VALUES(20);
INSERT INTO RESOURCES(NAME,ID_TRANSLATION) VALUES('Follow',20);
INSERT INTO TEXT_LANGUAGE(ID,INFO,ID_LANGUAGE) VALUES(58,'Follow',1);
INSERT INTO TEXT_LANGUAGE(ID,INFO,ID_LANGUAGE) VALUES(59,'Присоединяйтесь',2);
INSERT INTO TEXT_LANGUAGE(ID,INFO,ID_LANGUAGE) VALUES(60,'Приєднуйтесь',3);
INSERT INTO TRANSLATION_TEXT(ID_TRANSLATION,ID_TEXT_LANGUAGE) VALUES(20,58);
INSERT INTO TRANSLATION_TEXT(ID_TRANSLATION,ID_TEXT_LANGUAGE) VALUES(20,59);
INSERT INTO TRANSLATION_TEXT(ID_TRANSLATION,ID_TEXT_LANGUAGE) VALUES(20,60);